{
    "battor.power_cases": 128.98619307615817,
    "battor.steady_state": 968.0069302916527,
    "battor.tough_video_cases": 1174.7288519289436,
    "battor.trivial_pages": 1418.5335564192603,
    "blink_perf.bindings": 347.9730213748084,
    "blink_perf.canvas": 107.17591333586323,
    "blink_perf.css": 107.84485836140811,
    "blink_perf.dom": 98.51104682236321,
    "blink_perf.events": 66.05652102455497,
    "blink_perf.layout": 453.38422619201697,
    "blink_perf.owp_storage": 30.0,
    "blink_perf.paint": 51.07198746293505,
    "blink_perf.parser": 400.27208882935196,
    "blink_perf.shadow_dom": 81.56559749378646,
    "blink_perf.svg": 84.42018363990036,
    "blink_style.top_25": 447.7989743783384,
    "blob_storage.blob_storage": 484.45522527596387,
    "dromaeo.cssqueryjquery": 197.83100520021776,
    "dromaeo.domcoreattr": 40.5585843068417,
    "dromaeo.domcoremodify": 38.194434186605015,
    "dromaeo.domcorequery": 56.04869707744487,
    "dromaeo.domcoretraverse": 35.63122197623565,
    "dromaeo.jslibattrjquery": 46.66566416062415,
    "dromaeo.jslibattrprototype": 37.17864634084307,
    "dromaeo.jslibeventjquery": 64.36679933947536,
    "dromaeo.jslibeventprototype": 25.35767838284989,
    "dromaeo.jslibmodifyjquery": 76.02552633584986,
    "dromaeo.jslibmodifyprototype": 53.84123389631788,
    "dromaeo.jslibstylejquery": 52.8672397108305,
    "dromaeo.jslibstyleprototype": 50.96552480985952,
    "dromaeo.jslibtraversejquery": 51.682706894018715,
    "dromaeo.jslibtraverseprototype": 51.90171639007681,
    "dummy_benchmark.noisy_benchmark_1": 7.4630223302280205,
    "dummy_benchmark.stable_benchmark_1": 8.010384823665145,
    "image_decoding.image_decoding_measurement": 75.86326921706976,
    "indexeddb_perf": 31.579424661053114,
    "jetstream": 203.0134370060854,
    "jitter": 82.6645822449336,
    "kraken": 30.564739039895958,
    "loading.desktop": 4906.865,
    "media.media_cns_cases": 175.98004016036506,
    "media.tough_video_cases": 497.14298761720244,
    "media.tough_video_cases_extra": 275.80860590281554,
    "memory.long_running_idle_gmail_background_tbmv2": 188.2264252694185,
    "memory.long_running_idle_gmail_tbmv2": 186.15656200161686,
    "octane": 42.71057095260264,
    "oilpan_gc_times.tough_animation_cases": 875.4915979802608,
    "oortonline": 97.15901645831764,
    "oortonline_tbmv2": 78.57051863027422,
    "page_cycler_v2.basic_oopif": 518.1674624776242,
    "page_cycler_v2.intl_ar_fa_he": 1062.7986515655075,
    "page_cycler_v2.intl_es_fr_pt-BR": 1275.5369048880207,
    "page_cycler_v2.intl_hi_ru": 1371.516809665312,
    "page_cycler_v2.intl_ja_zh": 2381.6099734405675,
    "page_cycler_v2.intl_ko_th_vi": 1651.235684189815,
    "page_cycler_v2.top_10_mobile": 671.6237025374458,
    "page_cycler_v2.typical_25": 2253.314608139926,
    "page_cycler_v2_site_isolation.basic_oopif": 513.9117965158755,
    "power.steady_state": 596.0703444047408,
    "power.trivial_pages": 772.9753481583161,
    "rasterize_and_record_micro.key_mobile_sites": 625.6900956763161,
    "rasterize_and_record_micro.partial_invalidation": 15.75209499442059,
    "rasterize_and_record_micro.top_25": 411.0595565901862,
    "scheduler.tough_scheduling_cases": 548.2793788776964,
    "service_worker.service_worker": 74.72189191356301,
    "service_worker.service_worker_micro_benchmark": 9.664271195403865,
    "smoothness.desktop_tough_pinch_zoom_cases": 391.2880765034602,
    "smoothness.gpu_rasterization.tough_filters_cases": 121.51945241427018,
    "smoothness.gpu_rasterization.tough_path_rendering_cases": 71.44854112284807,
    "smoothness.gpu_rasterization_and_decoding.image_decoding_cases": 30.11439689749577,
    "smoothness.image_decoding_cases": 31.54118863676415,
    "smoothness.key_desktop_move_cases": 46.49936254688951,
    "smoothness.scrolling_tough_ad_cases": 209.793282920664,
    "smoothness.top_25_smooth": 507.43153773388775,
    "smoothness.tough_ad_cases": 284.8396057484197,
    "smoothness.tough_animation_cases": 1782.6661928799338,
    "smoothness.tough_canvas_cases": 695.2274332830044,
    "smoothness.tough_filters_cases": 121.1643203953281,
    "smoothness.tough_image_decode_cases": 66.97034239201318,
    "smoothness.tough_path_rendering_cases": 64.1464234056832,
    "smoothness.tough_scrolling_cases": 614.7339893544422,
    "smoothness.tough_texture_upload_cases": 152.9108924680069,
    "smoothness.tough_webgl_ad_cases": 276.34991042891215,
    "smoothness.tough_webgl_cases": 176.61726460002717,
    "speedometer": 67.36228357814252,
    "speedometer2": 120,
    "speedometer-ignition": 73.98038034345589,
    "startup.cold.blank_page": 644.8810393966897,
    "startup.large_profile.cold.blank_page": 1280.4007164489933,
    "startup.large_profile.warm.blank_page": 163.33904917099898,
    "startup.warm.blank_page": 59.4212770304404,
    "storage.indexeddb_endure": 73.71679610873377,
    "storage.indexeddb_endure_tracing": 335.31931550860844,
    "sunspider": 23.417549015954137,
    "system_health.common_desktop": 2090.303033706495,
    "system_health.memory_desktop": 5293.352725115815,
    "tab_switching.five_blank_pages": 467.2536632216254,
    "tab_switching.top_10": 93.51088824942093,
    "tab_switching.tough_energy_cases": 635.2167451683356,
    "tab_switching.tough_image_cases": 73.45545798900515,
    "tab_switching.typical_25": 153.73988430574536,
    "thread_times.key_hit_test_cases": 37.737602919340134,
    "thread_times.tough_compositor_cases": 276.53419018574874,
    "thread_times.tough_scrolling_cases": 768.3866442836212,
    "tracing.tracing_with_background_memory_infra": 137.11428626960722,
    "tracing.tracing_with_debug_overhead": 200.02585370596066,
    "v8.browsing_desktop": 794.658185299532,
    "v8.browsing_desktop_ignition": 792.3583991321517,
    "v8.detached_context_age_in_gc": 46.25958715700636,
    "v8.google": 283.4880456560749,
    "v8.infinite_scroll-ignition_tbmv2": 474.53039245256565,
    "v8.infinite_scroll_tbmv2": 490.40869227484546,
    "v8.todomvc": 126.77664421172369,
    "v8.todomvc-ignition": 135.6247856377669,
    "v8.top_25_smooth": 318.00548734664915,
    "webrtc.datachannel": 39.26883707946563,
    "webrtc.getusermedia": 18.085213074427166,
    "webrtc.peerconnection": 58.52019228742796,
    "webrtc.webrtc_smoothness": 115.75982538233983
}
